K,A0_fd_MHz_mm,S0_fd_MHz_mm,A0_vg_m_s,S0_vg_m_s
0.04,0.001597228477897169,0.06923864279947627,346.00760875627543,5436.144077797105
0.07073359073359073,0.004982153708758201,0.12241938444175804,440.3484856454082,5434.601487867278
0.10146718146718148,0.010212915888878453,0.1755699443687122,626.8942629921155,5430.83434534046
0.1322007722007722,0.01724772333314617,0.2286769795637103,808.5233033795632,5425.690614700243
0.16293436293436295,0.026032168761299324,0.28172689925510774,984.040652708529,5419.140949515966
0.19366795366795367,0.036501080480516396,0.33470578624541375,1152.4513765193867,5411.147814649987
0.22440154440154442,0.0485805847093937,0.3875993153650617,1312.9751772407958,5401.665158032585
0.25513513513513514,0.062190242755945695,0.44039266837965424,1465.047828396181,5390.638013801759
0.28586872586872586,0.0772451414027092,0.493070444678921,1608.3114094052448,5378.00203743418
0.3166023166023166,0.0936578390226636,0.5456165670885166,1742.5960385640665,5363.682974783875
0.3473359073359073,0.11134009855891949,0.5980141821703954,1867.8960248102912,5347.596068516272
0.3780694980694981,0.13020436703534108,0.6502455544211294,1984.3431845446194,5329.645407901917
0.4088030888030888,0.1501649864635291,0.7022919538505978,2092.179632653443,5309.72323133445
0.4395366795366795,0.1711391409931624,0.7541335365336441,2191.731795447866,5287.709195626601
0.4702702702702703,0.19304755936624007,0.8057492178920941,2283.3868195427094,5263.46963250808
0.5010038610038611,0.21581500049271435,0.8571165386993403,2367.572039379249,5236.856821103269
0.5317374517374518,0.2393705541742587,0.9082115241279402,2444.7377560964524,5207.708316086086
0.5624710424710425,0.2636477897379849,0.95900853660914,2515.3432824430165,5175.846385181227
0.5932046332046332,0.2885847837203813,1.009480123874841,2579.8460134162706,5141.077627265135
0.623938223938224,0.3141240546613966,1.0595968643450357,2638.6931724542483,5103.19286401321
0.6546718146718147,0.34021242929757783,1.109327213049784,2692.3158376620777,5061.967424192939
0.6854054054054055,0.36680086047562055,1.1586373525790192,2741.124851006498,5017.161970319234
0.7161389961389962,0.3938442133063959,1.207491055178542,2785.5082400377833,4968.524051874534
0.746872586872587,0.4213010326329138,1.2558495640895269,2825.829823000542,4915.790606083188
0.7776061776061777,0.44913330189248973,1.3036715045736957,2862.4287157151048,4858.6916632720895
0.8083397683397684,0.47730620093653986,1.350912837750474,2895.619506283656,4796.955544021388
0.8390733590733591,0.5057878683109812,1.397526873307591,2925.692908025092,4730.315851766791
0.8698069498069498,0.5345491718510961,1.4434643601527792,2952.916740327186,4658.520556073287
0.9005405405405407,0.5635634901529049,1.4886736768441833,2977.5371206334894,4581.343414022849
0.9312741312741314,0.5928065064899826,1.5331011457084884,2999.779778627275,4498.5978724456945
0.9620077220077221,0.6222560159976448,1.5766914952769868,3019.851426298803,4410.153414147164
0.9927413127413128,0.6518917463959684,1.6193884942276349,3037.9411355759257,4315.954041963472
1.0234749034749036,0.6816951921281613,1.6611357754729719,3054.2216893111326,4216.038230206541
1.0542084942084944,0.7116494615164731,1.7018778604643945,3068.8508822962904,4110.559227529942
1.084942084942085,0.741739136355711,1.7415613805180656,3081.9727572324846,3999.804109170218
1.1156756756756758,0.7719501432516598,1.7801364738879433,3093.7187667546823,3884.2095261815266
1.1464092664092664,0.8022696359503171,1.8175583152350923,3104.2088571443965,3764.37179270442
1.1771428571428573,0.8326858878798179,1.8537887100642998,3113.5524726237927,3641.048918168497
1.2078764478764479,0.8631881941292945,1.8887976639546702,3121.8494814095757,3515.1525475767266
1.2386100386100387,0.8937667821096158,1.922564819302979,3129.191026256456,3387.728580932875
1.2693436293436293,0.9244127301736471,1.9550806453615106,3135.6603032160638,3259.9264698640764
1.3000772200772202,0.9551178935138843,1.9863472742510568,3141.333272926633,3132.9586751379684
1.330810810810811,0.9858748366995334,2.0163788977602866,3146.2793090451232,3008.053245438452
1.3615444015444016,1.0166767722611119,2.0452016755334874,3150.561788517196,2886.403625490173
1.3922779922779924,1.0475175047765257,2.072853149835203,3154.2386283182277,2769.1203400455124
1.423011583011583,1.0783913799573348,2.099381208405627,3157.362773138193,2657.188986582216
1.4537451737451739,1.1092932382766811,2.124842677326685,3159.9826382588944,2551.4380423215916
1.4844787644787645,1.1402183727207205,2.1493016540020498,3162.142511612663,2452.5185673689266
1.5152123552123553,1.1711624902830757,2.172827702902755,3163.8829187316733,2360.8962840903987
1.5459459459459461,1.2021216768567216,2.195494033575372,3165.240954013316,2276.8550550520886
1.5766795366795368,1.2330923652098507,2.217375764435633,3166.2505814478354,2200.509708101221
1.6074131274131276,1.2640713057616773,2.238548351707163,3166.942907683253,2131.8255747146177
1.6381467181467182,1.295055539900985,2.2590862354948356,3167.346430047066,2070.642000913751
1.668880308880309,1.326042375614629,2.2790617287289416,3167.4872619066737,2016.6973519261228
1.6996138996138996,1.3570293652153937,2.29854415247003,3167.389337523491,1969.6535183857777
1.7303474903474905,1.3880142849785964,2.3175992043318816,3167.0745983551897,1929.1185057974653
1.7610810810810813,1.4189951165150585,2.3362885357630243,3166.5631625715323,1894.6662419762579
1.791814671814672,1.4499700297243916,2.3546695080143847,3165.8734793755284,1865.8532051285874
1.8225482625482627,1.4809373671873578,2.3727950947593706,3165.0224695703946,1842.231829306882
1.8532818532818534,1.5118956298694295,2.3907139003474365,3164.025653668854,1823.3608841328678
1.8840154440154442,1.5428434640196926,2.408470265509814,3162.8972687148053,1808.8131659210921
1.9147490347490348,1.5737796491600888,2.426104436094601,3161.650374872377,1798.1809012811136
1.9454826254826256,1.6047030870698036,2.443652774497276,3160.2969527354,1791.0792740293546
1.9762162162162162,1.6356127916784227,2.461147997401975,3158.8479922135593,1787.148461796809
2.006949806949807,1.6665078797894346,2.478619427059484,3157.3135737708653,1786.054525119398
2.0376833976833977,1.697387562562869,2.4960932464241066,3155.7029427165253,1787.489440614445
2.0684169884169887,1.7282511376923433,2.5135927510807803,3154.024577177668,1791.1705183361482
2.0991505791505793,1.7590979822176265,2.5311385929821424,3152.2862503245706,1796.8393952315382
2.12988416988417,1.7899275459191686,2.5487490126820007,3150.4950873660127,1804.2607542584446
2.1606177606177606,1.8207393452458063,2.5664400580111595,3148.6576177785173,1813.2208829889132
2.1913513513513516,1.851532957731189,2.5842257881090784,3146.7798231923516,1823.5261565838591
2.2220849420849422,1.882308016858407,2.602118462418177,3144.8671813176043,1835.001506284112
2.252818532818533,1.9130642073358588,2.6201287147505807,3142.924706255537,1847.488916526694
2.283552123552124,1.9438012607505932,2.638265712877587,3140.9569855089503,1860.8459795954404
2.3142857142857145,1.9745189515683046,2.656537304317267,3138.9682139779034,1874.9445263044909
2.345019305019305,2.0052170934518263,2.6749501491324166,3136.9622251982655,1889.6693431364256
2.3757528957528957,2.035895535872328,2.6935098406181814,3134.9425200589467,1904.9169809626183
2.4064864864864868,2.066554160989675,2.712221014791894,3132.912293211397,1920.5946561482851
2.4372200772200774,2.0971928807803457,2.731087449580142,3130.8744573653676,1936.6192420866864
2.467953667953668,2.1278116343931535,2.750112154577364,3128.831665649035,1952.9163477067777
2.4986872586872586,2.158410385714652,2.769297452203351,3126.7863321938057,1969.4194780125981
2.5294208494208497,2.188989121127612,2.7886450510372778,3124.740651090906,1986.0692712894233
2.5601544401544403,2.219547847447322,2.808156112050688,3122.696613855005,2002.8128072856343
2.590888030888031,2.2500865900217564,2.8278313084056705,3120.6560255220393,2019.6029806694132
2.621621621621622,2.2806053909828385,2.8476708794291445,3118.6205194495415,2036.3979341521044
2.6523552123552125,2.311104307636178,2.8676746793197485,3116.591571048877,2053.1605461049767
2.683088803088803,2.3415834109810234,2.887842221097035,3114.570510363963,2069.8579674886714
2.7138223938223938,2.3720427843461094,2.9081727162481,3112.558533671734,2086.46120354865
2.744555984555985,2.402482522136573,2.9286651104923913,3110.556714269216,2102.9447360923514
2.7752895752895754,2.432902728680863,2.949318116037961,3108.566012355179,2119.286182241456
2.806023166023166,2.463303517170991,2.970130240669556,3106.587284155583,2135.4659862261324
2.836756756756757,2.4936850086879914,2.9910998139746323,3104.6212903778505,2151.4671409191214
2.8674903474903477,2.52404733130758,3.0122250109830917,3102.6687040048273,2167.2749362265167
2.8982239382239383,2.5543906192781125,3.033503873470407,3100.7301174718013,2182.8767316314334
2.928957528957529,2.584715012266665,3.054934329147036,3098.8060493019584,2198.261750540143
2.95969111969112,2.615020654666818,3.076514208937807,3096.89695027587,2213.420894270879
2.9904247104247106,2.645307694965441,3.0982412625319022,3095.003209064598,2228.346573817689
3.021158301158301,2.6755762851607012,3.1201131723706093,3093.1251574936323,2243.0325575283496
3.0518918918918923,2.705826580231841,3.1421275662170247,3091.263075321098,2257.4738332065754
3.082625482625483,2.7360587376506635,3.1642820284457485,3089.4171947222203,2271.6664833236136
3.1133590733590735,2.7662729169390623,3.1865741101710334,3087.587704534846,2285.6075719141227
3.144092664092664,2.7964692792635684,3.209001338323519,3085.7747538562107,2299.2950421434944
3.174826254826255,2.8266479870632537,3.2315612237742344,3083.978455696022,2312.7276234902674
3.2055598455598457,2.8568092037157524,3.254251268595288,3082.1988902286685,2325.9047476316046
3.2362934362934364,2.8869530932287994,3.2770689725381255,3080.4361077561916,2338.826472212939
3.2670270270270274,2.917079819964218,3.3000118388027246,3078.6901315135765,2351.4934117471275
3.297760617760618,2.9471895483843484,3.323077379163848,3076.9609601451375,2363.9066750111815
3.3284942084942086,2.9772824428244915,3.3462631185153757,3075.248570181022,2376.0678082674567
3.3592277992277992,3.007358667287784,3.36956659888564,3073.5529181561433,2387.9787438451312
3.3899613899613903,3.037418385259109,3.3929853829757217,3071.873942606733,2399.6417535633955
3.420694980694981,3.0674617595390212,3.416517057263484,3070.2115659662813,116732.46040292474
3.4514285714285715,3.0974889520947695,5.67692735696085,3068.5656962515786,232440.22321184014
3.4821621621621626,3.1275001239272044,7.964352170166668,3066.936228645034,217417.1404352634
3.512895752895753,3.157495434952751,9.930826668171493,3065.3230469519913,101298.64242721535
3.543629343629344,3.187475043898841,9.946322057108524,3063.72602492859,1596.4883224446094
3.5743629343629344,3.217439108211863,9.962062938511574,3062.1450275214447,1621.7474526282167
3.6050965250965255,3.247387783976844,9.978052537777536,3060.5799120008887,1647.3403015704243
3.635830115830116,3.27732122584758,9.994294158921107,3059.030528997013,1673.274963083677
3.6665637065637067,3.3072395869865856,10.010791185699578,3057.4967234617798,1699.5596539083053
3.6972972972972973,3.3371430190140465,10.027547082893195,3055.9783355435065,1726.202731370402
3.7280308880308883,3.3670316719648805,10.044565397775433,3054.4752013953403,1753.2127147295396
3.758764478764479,3.3969056942535105,10.061849761811068,3052.9871539123997,1780.598310727044
3.7894980694980696,3.426765232645345,10.079403892626303,3051.5140234070423,1808.3684439333156
3.8202316602316606,3.4566104322347644,10.097231596300581,3050.0556382263603,1836.532292455784
3.850965250965251,3.4864414364286826,10.115336770035384,3048.611825319502,1865.099329714838
3.881698841698842,3.516258386935633,10.133723405263432,3047.182410757203,1894.0793729281868
3.9124324324324324,3.546061423759501,10.152395591266071,3045.7672201684036,1923.482639053429
3.9431660231660235,3.575850685197141,10.17135751937704,3044.36607921237,1953.3198089920916
3.973899613899614,3.6056263078413546,10.190613487856057,3042.978813935799,1983.6021006552037
4.004633204633205,3.635388426585494,10.210167907522152,3041.6052511195594,2014.3413519641617
4.035366795366795,3.665137174633224,10.230025308251216,3040.2452186142036,2045.5501143767615
4.066100386100386,3.6948726835096872,10.250190346439224,3038.898545594042,2077.241757517855
4.096833976833977,3.724595083076237,10.270667813546948,3037.5650628526637,2109.4305860769236
4.127567567567568,3.754304501547392,10.29146264585037,3036.244602979714,2142.131969061098
4.158301158301159,3.7840010655090164,10.312579935514282,3034.937000594946,2175.362482033088
4.189034749034749,3.8136848999398656,10.33402494312568,3033.642092531314,2209.1400627529947
4.21976833976834,3.8433561282333417,10.355803111812618,3032.3597179643402,2243.4841798637062
4.2505019305019305,3.8730148722215687,10.377920083077978,3031.089718584495,2278.4160144551424
4.281235521235521,3.9026612522005277,10.400381714470802,3029.831938682153,2313.95865355758
4.311969111969113,3.932295386955786,10.423194099205833,3028.586225263716,2350.137294118409
4.342702702702703,3.9619173937899137,10.446363587825802,3027.3524281579594,2386.9794552184176
4.373436293436294,3.9915273885502858,10.469896811973094,3026.1304000504315,2424.5151954053435
4.404169884169884,4.021125485657172,10.49380071030431,3024.9199965606676,2462.777330768411
4.434903474903475,4.0507117981330625,10.518082556528686,3023.721076303569,2501.8016479560174
4.465637065637066,4.080286437631934,10.542749989490483,3022.533500883379,2541.6271047489718
4.496370656370656,4.109849514468483,10.567811045131755,3021.3571349821286,2582.2960084903752
4.527104247104248,4.139401137649106,10.593274190065783,3020.191846296453,2623.8541604269994
4.557837837837838,4.168941414899903,10.619148356364034,3019.03750557272,2666.350951260072
4.588571428571429,4.198470452698343,10.645442976999067,3017.8939866619185,2709.8393896679627
4.61930501930502,4.227988356302346,10.672168021189549,3016.761166426266,2754.3760423379717
4.65003861003861,4.257495229780116,10.699334028669877,3015.638924759667,2800.020860056393
4.680772200772201,4.28699117603962,10.726952141632507,3014.527144582331,2846.83686044754
4.711505791505791,4.316476296858323,10.755034132790197,3013.4257117676607,2894.8896339531057
4.742239382239383,4.345950692911242,10.78359242765251,3012.3345151285757,2944.246636461583
4.7729729729729735,4.3754144638003964,10.812640118747904,3011.2534464175114,2994.9762295692926
4.803706563706564,4.404867708082868,10.842190969122385,3010.182400224614,3047.146428453736
4.834440154440155,4.434310523298273,10.872259402062953,3009.1212739495095,3100.823319576797
4.865173745173745,4.463743005996256,10.902860473637647,3008.069967795076,3156.0691155102104
4.895907335907336,4.4931652517638385,10.934009824360498,3007.0283846376697,3212.939824613626
4.926640926640927,4.522577355250378,10.965723606137333,3005.9964300096326,3271.4825295689516
4.957374517374517,4.551979410194586,10.998018380683657,3004.9740120809583,3331.7322915638797
4.988108108108109,4.581371509449104,11.030910985898874,3003.9610415349307,3393.7087288514012
5.018841698841699,4.610753745005112,11.064418367341606,3002.9574315349746,3457.412355651846
5.04957528957529,4.640126208016235,11.09855737297229,3001.9630976605695,3522.8208126939135
5.0803088803088805,4.669488988821918,11.13334451087673,3000.9779578366433,3589.885168900364
5.111042471042471,4.698842176969938,11.168795671648923,3000.0019322740554,3658.5265191511717
5.141776061776062,4.728185861238612,11.204925819547732,2999.03494340257,3728.633142531966
5.172509652509652,4.757520129658012,11.24174865927915,2998.076915794343,3800.058507667738
5.203243243243244,4.786845069530662,11.27927628812609,2997.127776103094,3872.620410183328
5.233976833976834,4.81616076745157,11.317518845854499,2996.1874529960915,3946.101494416478
5.264710424710425,4.845467309327589,11.356484177050852,2995.2558770801115,4020.2513434576103
5.295444015444016,4.874764780396007,11.39617752192112,2994.3329808384588,4094.790219588205
5.326177606177606,4.904053265242672,11.436601251812233,2993.4186985713313,4169.414406610653
5.356911196911197,4.933332847819418,11.477754664537038,2992.5129662744002,4243.802963130176
5.3876447876447875,4.962603611459802,11.519633852027798,2991.6157216608117,4317.625557228457
5.418378378378379,4.991865638896988,11.56223164895138,2990.72690404646,4390.550938213593
5.44911196911197,5.021119012277203,11.60553766611767,2989.846454232844,4462.255531173432
5.47984555984556,5.050363813175357,11.64953840725251,2988.9743145285174,4532.431622712524
5.510579150579151,5.079600122608911,11.694217462565028,2988.110428635642,4600.794647305622
5.541312741312741,5.108828021051272,11.73955576808254,2987.2547415928566,4667.0891756706405
5.572046332046332,5.138047588444551,11.785531916384068,2986.4071997133724,4731.093334614532
5.602779922779923,5.167258904211736,11.832122502412222,2985.567750521237,4792.621532476391
5.633513513513514,5.196462047268218,11.879302487531678,2984.7363426901866,4851.525505869882
5.664247104247105,5.225657096032752,11.927045565821226,2983.9129259830224,-33478.522669872385
5.694980694980695,5.254844128437807,11.224274718145075,2983.097451190639,-34032.797667476116
5.725714285714286,5.2840232219393375,11.261173067146935,2982.289870075125,3750.4667180958204
5.756447876447877,5.313194453526001,11.297654893033252,2981.490135312197,3708.7655966582242
5.787181467181467,5.342357899727825,11.333737334092406,2980.6982004308375,3668.8040007970994
5.817915057915058,5.371513636624239,11.369437286917718,2979.9140197762754,3630.547562108841
5.848648648648649,5.400661739852003,11.404771217358707,2979.1375484360615,3593.9445589144016
5.87938223938224,5.429802284611806,11.439755010042438,2978.368742187624,3558.9297252430115
5.9101158301158305,5.458935345675164,11.474403853849788,2977.6075574687566,3525.4277473160764
5.940849420849421,5.4880609973904475,11.508732159847678,2976.853951312485,3493.356378350407
5.971583011583012,5.517179313688501,11.542753507708394,2976.1078813044005,3462.629139210563
6.002316602316602,5.546290368087825,11.576480616481671,2975.3693055358017,3433.1576008200645
6.033050193050193,5.575394233699303,11.609925335670846,2974.638182560331,3404.85326515045
6.0637837837837845,5.604490983230503,11.643098652807605,2973.9144713495043,3377.6290751132183
6.094517374517375,5.633580688989565,11.676010714070104,2973.1981312524294,3351.400591788348
6.125250965250966,5.662663422888698,11.708670854890928,2972.489121955936,3326.08688093978
6.155984555984556,5.6917392564472875,11.741087637920405,2971.787403444876,3301.6111510741757
6.186718146718147,5.720808260794625,11.773268896118601,2971.0929359665024,3277.9011834071716
6.2174517374517375,5.749870506672307,11.805221779131157,2970.4056799944374,3254.889590751147
6.248185328185328,5.778926064436269,11.836952801446595,2969.725596194272,3232.513938628952
6.27891891891892,5.807975004058506,11.868467891141849,2969.052645391668,3210.7167571936734
6.30965250965251,5.837017395128481,11.899772438272723,2968.3867885415093,3189.4454685556702
6.340386100386101,5.866053306854247,11.930871342197598,2967.7279866979807,-96320.02821726789
6.3711196911196915,5.895082808063274,10.015212182954633,2967.0762009863392,-208031.53221198992
6.401853281853282,5.924105967202999,7.860607195520682,2966.4313925764873,-204510.7096334949
6.432586872586873,5.953122852341162,6.013835083138744,2965.7935226577683,-92960.72714506584
6.463320463320463,5.982133531165847,6.041773720016638,2965.162552414462,2856.519602996472
6.494054054054055,6.011138070985338,6.069724636038391,2964.538443004363,2857.7620744333835
6.524787644787645,6.040136538727749,6.097687582629766,2963.9211555368965,2858.979414969217
6.555521235521236,6.069129000940444,6.125662316663547,2963.3106510536163,2860.1721745874383
6.586254826254827,6.098115523789295,6.153648600326271,2962.7068905099877,2861.3408899036003
6.616988416988417,6.127096173057731,6.181646200989925,2962.1098347574007,2862.4860845810035
6.647722007722008,6.156071014145661,6.209654891086843,2961.5194445282687,2863.6082696626545
6.678455598455598,6.18504011206822,6.237674447987877,2960.935680445982,2864.707943913352
6.70918918918919,6.214003531454889,6.265704653884,2960.358502909774,2865.785594099376
6.7399227799227805,6.242961336545984,6.293745295669947,2959.787872209854,2866.8416953869164
6.770656370656371,6.271913591194045,6.321796164833602,2959.2237485199585,2867.876711602672
6.801389961389962,6.300860358860168,6.349857057344762,2958.666091748164,2868.891095486819
6.832123552123552,6.3298017026124604,6.377927773549446,2958.1148616377614,2869.885289065249
6.862857142857143,6.358737685124375,6.406008118065953,2957.5700177418767,2870.8597238858347
6.893590733590734,6.387668368672654,6.434097899683807,2957.031519405835,2871.814821302134
6.924324324324325,6.416593815135311,6.46219693126534,2956.499325763434,2872.7509927391075
6.955057915057916,6.445514085989521,6.490305029649861,2955.9733957333374,2873.6686399477185
6.985791505791506,6.474429242309513,6.518422015560204,2955.4536880144733,2874.5681552814785
7.016525096525097,6.503339344764384,6.546547713512317,2954.9401610834757,2875.449921899475
7.0472586872586875,6.532244453615929,6.574681951725775,2954.4327731911326,2876.3143140135217
7.077992277992278,6.561144628716399,6.602824562038205,2953.9314823579043,2877.1616971721523
7.108725868725869,6.590039929506236,6.630975379821369,2953.4362464123406,2877.9924284262233
7.139459459459459,6.618930415012574,6.659134243898807,2952.947022891487,2878.806856555282
7.170193050193051,6.647816143845049,6.68730099646637,2952.4637691415846,2879.6053223038325
7.2009266409266415,6.676697174196244,6.715475483014469,2951.986442322843,2880.388158572372
7.231660231660232,6.705573563837605,6.743657552252359,2951.5149993134546,2881.155690621177
7.262393822393823,6.734445370118017,6.771847056034368,2951.0493968052324,2881.9082362657064
7.293127413127413,6.763312649961571,6.800043849288002,2950.589591269614,2882.646106065775
7.323861003861004,6.792175459865493,6.828247789943886,2950.1355389690143,2883.3696035110042
7.3545945945945945,6.821033855898116,6.85645873886748,2949.687195960083,2884.079025199695
7.385328185328186,6.849887893696889,6.884676559792539,2949.244518089865,2884.774661013682
7.416061776061777,6.878737628466267,6.912901119256242,2948.8074610519106,2885.4567942852154
7.446795366795367,6.9075831149768145,6.9411322865359075,2948.3759803018766,2886.12570196006
7.477528957528958,6.9364244075614545,6.969369933587333,2947.9500311157317,2886.781654793187
7.5082625482625485,6.965261560115691,6.997613934985315,2947.5295686451136,2887.4249174307915
7.538996138996139,6.994094626094962,7.025864167863624,2947.114547835896,2888.0557486083126
7.56972972972973,7.0229236585132675,7.054120511859373,2946.7049234866863,2888.6744013323914
7.600463320463321,7.0517487099416485,7.0823828490565575,2946.300650246092,2889.2811229552026
7.631196911196912,7.080569832506773,7.110651063931891,2945.9016826137085,2889.8761553529766
7.661930501930502,7.109387077889441,7.138925043301819,2945.5079749888973,2890.459735054057
7.692664092664093,7.138200497324119,7.167204676270882,2945.119481608097,2891.032093370217
7.723397683397684,7.167010141596214,7.195489854181287,2944.7361565942992,2891.5934565261123
7.754131274131274,7.1958160610425805,7.223780470563789,2944.3579540061182,2892.144045783556
7.784864864864865,7.224618305549752,7.252076421089722,2943.984827775799,2892.684077550133
7.815598455598456,7.2534169245532425,7.280377603523987,2943.616731759277,2893.2137635613326
7.846332046332047,7.282211967036748,7.308683917680651,2943.2536197335576,2893.733310880896
7.877065637065638,7.311003481531396,7.336995265375945,2942.8954454298946,2894.2429220771883
7.907799227799228,7.339791516115612,7.365311550387308,2942.5421625016606,2894.7427953939186
7.938532818532819,7.368576118413727,7.393632678409738,2942.1937245597364,2895.233124744438
7.969266409266409,7.397357335596527,7.421958557014699,2941.850085204642,2895.7140998715768
8.0,7.42613521438051,7.450289095609623,2941.6794593689056,2895.9522723381665
