K,A0_fd_MHz_mm,A0_vg_m_s,A1_fd_MHz_mm,A1_vg_m_s,A2_fd_MHz_mm,A2_vg_m_s,S0_fd_MHz_mm,S0_vg_m_s,S1_fd_MHz_mm,S1_vg_m_s,S2_fd_MHz_mm,S2_vg_m_s
0.04,0.0015972284779412096,346.0076087439839,1.5668045761928868,391.05731143291587,4.695033234431182,7.2791585717654455,0.06923864279950989,5436.144077793659,3.1158737655744697,-1735.1668221000416,3.1749943649013743,1923.9826875998338
0.07073359073359073,0.004982153708681996,440.3484855844124,1.570630213914959,497.85714736957743,4.695104445025647,9.371175148466136,0.12241938444175796,5434.601487910289,3.098898965578044,-1755.6625584847934,3.193816313835983,1996.9683338707255
0.10146718146718148,0.010212915887729076,626.8942629974637,1.5765454557391676,709.2630625136517,4.69521658720378,13.648317445185967,0.1755699443695873,5430.8343453423395,3.081523153965352,-1764.205637846666,3.214066271573294,2110.6026745743875
0.1322007722007722,0.01724772333317461,808.5233034406766,1.5845073794735427,915.6161661036022,4.695371482702912,18.14424572320422,0.228676979563747,5425.690614655734,3.0643812033968034,-1730.583768540324,3.2351115458753563,2182.3360069375194
0.16293436293436295,0.026032168761345665,984.0406527072666,1.5944600459620166,1115.6805754597153,4.69557159046723,22.92350147216348,0.281726899255112,5419.140949514152,3.047663224218101,-1683.046494311362,3.2567650101279284,2240.501166833099
0.19366795366795367,0.036501080480520136,1152.4513765172096,1.6063363522122043,1308.4206507303752,4.6958199950277795,28.049298644589726,0.3347057862454149,5411.147814649836,3.031451369490638,-1628.938829993538,3.278948321353487,2292.529147857247
0.22440154440154442,0.04858058470939745,1312.975177240788,1.620060096141009,1493.0156590138504,4.696120392148391,33.58325504299137,0.3875993153650631,5401.665158032647,3.015792039853145,-1570.8165764839214,3.3016197448718247,2341.065092729841
0.25513513513513514,0.06219024275594927,1465.047828482354,1.6355481166149137,1668.8612528152153,4.696477071950094,39.5851470559428,0.4403926683796567,5390.638013801872,3.0007173825594977,-1509.7308586447616,3.3247526915403354,2387.253538011515
0.28586872586872586,0.07724514140439898,1608.3114094581506,1.652712387122504,1835.5597462770384,4.696894899758316,46.11269081546925,0.49307044467892447,5378.002037434126,2.9862532323476962,-1446.151992135594,3.348327820236546,2431.663022590772
0.3166023166023166,0.09365783902370231,1742.5960384640753,1.6714619655632619,1992.9018856824114,4.6973792949455095,53.22135197784519,0.5456165670885178,5363.682974657153,2.972422534458121,-1380.2901623868675,3.372329665628886,2474.6075435683597
0.3473359073359073,0.11134009855865287,1867.8960247437908,1.6917047312488354,2140.8430351535208,4.697936208056581,60.96418596545118,0.5980141821679195,5347.596068516232,2.959247011222289,-1312.2242658290197,3.3967450301401794,2516.276212036202
0.3780694980694981,0.13020436703507865,1984.3431845593614,1.7133488687504617,2279.4765227088938,4.69857209652577,69.39170967013342,0.65024555442113,5329.645408028457,2.946748064223674,-1241.9594734322163,3.4215621485130203,2556.79166664253
0.4088030888030888,0.15016498646355095,2092.1796326693175,1.736304083399543,2409.006457323514,4.699293899291864,78.55180462053977,0.7022919538505978,5309.723231334421,2.934947314620594,-1169.455035925872,3.4467702226703794,2596.2387540750206
0.4395366795366795,0.1711391409932106,2191.73179544693,1.7604825532842334,2529.721762745874,4.700109010620495,88.48965172987664,0.7541335365336442,5287.709195626609,2.9238669612809276,-1094.638481202186,3.4723591474321864,2634.6796210834
0.4702702702702703,0.1930475593662436,2283.38681954154,1.785799636705762,2641.972602446098,4.701025253442643,99.24769647067296,0.8057492178920942,5263.469632508073,2.913530043324097,-1017.4131292992388,3.4983193406605704,2672.162122894719
0.5010038610038611,0.21581500049273963,2367.572039379338,1.812174362914713,2746.1498603243526,4.702050852495566,110.86564297619043,0.8571165386993403,5236.856821103269,2.9039606512205607,-937.6621438505827,3.5246416334922475,2708.7247404533555
0.5317374517374518,0.23937055417426395,2444.7377560955883,1.8395297380948623,2842.667927502902,4.703194407545901,123.38047524134163,0.9082115241279403,5207.708316086093,2.8951841100647004,-855.250727713079,3.5513171966925556,2744.3995768362947
0.5624710424710425,0.2636477897379932,2515.3432824425963,1.867792899312517,2931.9507513893623,4.704464866945371,136.82650313118938,0.9590085366091402,5175.846385181219,2.8872271477155125,-770.0273344464949,3.5783374895145412,2779.214253383776
0.5932046332046332,0.2885847837203784,2579.846013415712,1.8968951475417426,3014.420907261898,4.705871501754111,151.23543057835195,1.009480123874841,5141.077627265127,2.880118054366159,-681.8244078198331,3.605694223151958,2813.193149182829
0.623938223938224,0.31412405466139404,2638.693172454443,1.9267718877925832,3090.491342013862,4.707423880630676,166.63644292479148,1.0595968643450357,5103.19286401321,2.873886836215762,-590.4589944478939,3.633379333849599,2846.3582341145666
0.6546718146718147,0.3402124292975786,2692.315837662287,1.9573625005976054,3160.5593950879265,4.709131845664262,183.05631061506574,1.109327213049784,5061.967424173927,2.8685653630523484,-495.7334957673738,3.661384962655378,2878.729647692002
0.6854054054054055,0.36680086047562205,2741.1248510064797,1.9886101651560375,3225.0027005252196,4.711005489293543,200.51950605900493,1.1586373525786475,5017.161970319234,2.86418750721177,-397.4367958664079,3.6897034398559745,2910.326110343827
0.7161389961389962,0.39384421330639635,2785.5082400377687,2.0204616506413964,3284.1766001262586,4.713055132425375,219.04833017269266,1.207491055178542,4968.524051955501,2.8607892690939725,-295.3460057002085,3.7183272727759373,2941.1652228999883
0.746872586872587,0.42130103263291513,2825.8298230004766,2.0528670887325435,3338.4127392104565,4.715291303829498,238.66304636507994,1.255849564090739,4915.790606128532,2.858408881995278,-189.22907897361438,3.7472491360729485,2971.2636919315846
0.7776061776061777,0.4491333018924888,2862.4287157151484,2.0857797374464826,3388.018564478072,4.717724720878756,259.38201762296376,1.3036715045745833,4858.691663210135,2.8570868864432972,-78.848578261066,3.7764618639458383,3000.6375030365016
0.8083397683397684,0.4773062009365421,2895.6195061804683,2.1191557438447806,3433.277490788838,4.720366271625956,281.2218442633457,1.350912837750474,4796.955543987482,2.8568661613427886,36.03310402776697,3.8059584438202845,3029.3020572995883
0.8390733590733591,0.5057878683089614,2925.692908024943,2.1529539111294924,3474.4495483746578,4.723226998239292,304.19750015609316,1.3975268733078146,4730.315851776642,2.8577918961591724,155.6467582100886,3.8357320112267637,3057.2722821610223
0.8698069498069498,0.5345491718510953,2952.91674043049,2.1871354740126865,3511.772361382071,4.726318081744492,328.3224633472273,1.443464360152972,4658.520556142947,2.8599114853508976,280.20730059675407,3.8657758456554476,3084.5627243146882
0.9005405405405407,0.5635634901529063,2977.5371206334603,2.2216638849581645,3545.4623420366115,4.729650828015968,353.60883926891256,1.48867367684577,4581.343414078234,2.8632743233524396,409.90239391315845,3.896083367251774,3111.18762898806
0.9312741312741314,0.5928065064899813,2999.7797786271003,2.2565046129155304,3575.7160126509552,4.733236654929626,380.0674738016969,1.5331011457097647,4498.597872459446,2.86793147635823,544.8786000277614,3.926648134222503,3137.161009807198
0.9620077220077221,0.6222560159976429,3019.851426298883,2.291624955427812,3602.7113910219923,4.737087080566166,407.70805383549305,1.5766914952788427,4410.153414188142,2.8739352063753296,685.2250979085802,3.9574638408982357,3162.496712451102
0.9927413127413128,0.6518917463959686,3037.9411355900666,2.326993864471676,3626.6093920591957,4.741213712331419,436.5391930070473,1.6193884942297128,4315.954041900608,2.8813383244392137,830.9552715070313,3.988524316384907,3187.208473200124
1.0234749034749036,0.6816951921284361,3054.2216893111618,2.3625817859887595,3647.555212650026,4.745628236837154,466.5685006689164,1.6611357754735978,4216.038230122111,2.89019335442214,981.9868357572122,4.019823523771849,3211.3099745110085
1.0542084942084944,0.7116494615164738,3068.8508822822696,2.398360512821624,3665.679678872082,4.750342410370841,497.8026316180767,1.7018778604648206,4110.559227520935,2.9005514974019464,1138.1216155894217,4.051355559870625,3234.8148986991146
1.084942084942085,0.7417391363557116,3081.972757232419,2.4343030506041208,3681.100540942425,4.755368049749419,530.2473153511819,1.741561380518515,3999.8041091467603,2.912461399834463,1299.0265786423697,4.083114655473433,3257.736980372196
1.1156756756756758,0.7719501432516592,3093.7187667546677,2.4703834960338176,3693.923709995419,4.7607170233614635,563.9073626619938,1.7801364738879102,3884.2095261423237,2.925967746815716,1464.2181727512216,4.1150951761178405,3280.090058703412
1.1464092664092664,0.8022696359503174,3104.2088571444256,2.506576926960677,3704.2444328966376,4.766401242150036,598.7866476033523,1.817558315234775,3764.37179270442,2.941109723807719,1633.0523266094679,4.14729162336793,3301.8881295301544
1.1771428571428573,0.8326858878798179,3113.5524726238,2.542859303645438,3712.1484068594,4.772432650301926,634.8880639587296,1.8537887100642667,3641.0489181847224,2.9579194142575176,1804.7225053898292,4.179698636598387,3323.1453981724626
1.2078764478764479,0.863188194129295,3121.8494814095466,2.5792073806564497,3717.712834828373,4.778823215378839,672.2134542711137,1.8887976639546702,3515.1525475781236,2.9764202232800003,1978.2678576894104,4.212310995309065,3343.8763332201925
1.2386100386100387,0.8937667821096151,3129.1910262281963,2.615598628777277,3721.007426946453,4.785584917618046,710.7635103858775,1.9225648193029736,3387.728580940049,2.996625434676919,2152.5926820246095,4.245123621961463,3364.0957209195476
1.2693436293436293,0.9244127301730947,3135.660303090801,2.652011166497844,3722.0953546123637,4.792729738117623,750.53764462049,1.955080645361651,3259.9264699916384,3.0185370154935747,2326.497214479401,4.2781315853573805,3383.8187209898606
1.3000772200772202,0.955117893511433,3141.333272834112,2.6884237005887623,3721.034159474395,4.800269645616478,791.5338300206931,1.9863472742535473,3132.958675130343,3.042144775417003,2498.7182522028743,4.311330104567495,3403.0609235271986
1.330810810810811,0.9858748366971707,3146.2793091292333,2.7248154753774956,3717.876625059842,4.808216581554087,833.7484112732927,2.0163788977602777,3008.0532453104533,3.0674259661562315,2667.9766537862597,4.344714553423373,3421.838406873605
1.3615444015444016,1.0166767722603058,3150.561788637926,2.7611662303766447,107359.97619121592,4.816582443150922,103767.63355225461,2.0452016755334737,2886.4036254903913,3.0943453702143877,2833.0276072130364,4.378280465578281,3440.167796483118
1.3922779922779924,1.0475175047765255,3154.2386283593733,4.825379064141044,105974.29876644287,6.838493789736433,104349.26888098003,2.0728531498351987,2769.1203400388767,3.1228558837921536,2992.709018305555,4.412023540150966,3458.0663244512107
1.423011583011583,1.0783913799573341,3157.3627731382003,4.834618192931684,967.6366973386612,6.858239702231211,2027.7574662303668,2.0993812084054833,2657.1889865135017,3.1528995523094028,3145.983588425035,4.445939647951181,3475.5518892432738
1.4537451737451739,1.109293238276681,3159.982638258909,4.8443114678699795,1014.6473777058418,6.878168104611658,2045.831045563973,2.1248426773253364,2551.4380423280527,3.184408976584605,3291.971074279747,4.480024838292089,3492.643115341052
1.4844787644787645,1.14021837272072,3162.14251161267,4.854470389370767,1062.8249857531628,6.898267637738758,2062.7476863567135,2.1493016540020324,2452.518567422274,3.21730897953933,3429.968650077324,4.514275346382822,3509.3594120476628
1.5152123552123553,1.1711624902830755,3163.882918731688,4.865106288672892,1112.1504491431988,6.918527024541464,2078.5165048432536,2.1728277029024494,2360.896284090195,3.251518410775615,3559.4588919157104,4.548687601291427,3525.7210304675973
1.5459459459459461,1.2021216768567216,3165.2409540133085,4.876230293029243,1162.6009478869091,6.9389350842454665,2093.148149234825,2.1954940335753506,2276.8550550671935,3.286951969499964,3680.106362420076,4.583258234452277,3541.7491186387488
1.5766795366795368,1.2330923652098504,3166.2505814478427,4.8878532871916285,1214.1495306454308,6.959480748118485,2106.6549594093813,2.217375764435623,2200.5097081018903,3.3235219422770426,3791.744849595736,4.617984088707718,3557.4657723000564
1.6074131274131276,1.2640713057616773,3166.9429077438763,4.899985871093509,1266.7647258251382,6.9801530768234645,2119.0511344460538,2.2385483517071543,2131.825574714836,3.3611397762740323,3894.3578934860707,4.6528622278087655,3572.8940813724475
1.6381467181467182,1.295055539902171,3167.3464300470805,4.912638313725715,1320.4101554081135,7.000941279441791,2130.352905192529,2.25908623549483,2070.6420009126305,3.399717436006483,3988.0553436166083,4.6878899463661865,3588.0581692643755
1.668880308880309,1.3260423756146293,3167.4872618460504,4.925820503263546,1375.044159994257,7.0218347342028755,2140.5787090724916,2.2790617287289114,2016.6973519264284,3.439168517914722,4073.0484292730107,4.723064780120238,3602.983224782307
1.6996138996138996,1.3570293652153935,3167.389337523491,4.939541893606186,1430.6194453677163,7.042823010927569,2149.749363501731,2.2985441524700305,1969.6535183873202,3.479409119344444,4149.625334579148,4.758384516516088,3617.6955244450946
1.7303474903474905,1.3880142849785966,3167.0745983552188,4.953811447588684,1487.0827614015434,7.063895895150756,2157.888234551705,2.3175992043318816,1929.1185057974508,3.5203584752345973,4218.128699142166,4.793847205410158,3632.2224402842985
1.7610810810810813,1.4189951165150587,3166.563162571547,4.968637577238924,1544.3746250196127,7.085043413864762,2165.0213967458694,2.3362885357630243,1894.666242000836,3.561939386884327,68734.70520778548,4.829451169798145,91102.8036627869
1.791814671814672,1.449970029724392,3165.873479375514,4.984028081569197,1602.42909932349,7.106255862768466,2171.1777794403606,2.3546695080148656,1865.8532051278307,4.865195016430492,4332.442617609166,6.576329271794774,3660.8350400740164
1.8225482625482627,1.4809373671873578,3165.022469574862,4.999990082511645,1661.1736411591992,7.127523834874746,2176.389295391622,2.3727950947593555,1842.2318292823038,3.6467062761461544,-60076.71987919681,4.901077646092697,-83781.23041769909
1.8532818532818534,1.5118956298695174,3164.0256537548994,5.016529959727383,1720.529029073834,7.148838250275073,2180.6909472926636,2.3907139003474365,1823.3608841336245,3.6897572528655362,4419.1516595886205,4.937098263362143,3689.0612572432437
1.8840154440154442,1.5428434640213762,3162.8972686445923,5.03365328513239,1780.4093827262695,7.170190386831415,2184.120907521108,2.408470265509814,1808.8131659435894,3.733169680840122,4453.131952875905,4.973256385587587,3703.108758409333
1.9147490347490348,1.573779649158803,3161.650374786317,5.051364758086381,1840.7222835078137,7.191571911501158,2186.7205662573106,2.426104436095041,1798.180901306696,3.7768855027778714,4481.35493340125,5.009551850807913,3717.156430498493
1.9454826254826256,1.6047030870698034,3160.2969528011454,5.069668142278741,1901.3690042902017,7.212974911970464,2188.5345446748543,2.4436527744977763,1791.0792740068719,3.8208501306258285,4504.163993732684,5.045984824328451,3731.2379739233293
1.9762162162162162,1.635612791678423,3158.8479922135593,5.088566205412543,1962.2448535511212,7.234391928237259,2189.6106689474545,2.461147997401975,1787.148461663557,3.865012225777543,4521.879511707026,5.082555803557266,3745.387478446879
2.006949806949807,1.6665078797894344,3157.3135737708362,5.108060662823518,2023.239636331622,7.2558159837360465,2189.999902784766,2.4786194270573763,1786.0545251408766,3.9093234685683607,4534.798265278543,5.119265620786751,3759.639190687769
2.0376833976833977,1.697387562562869,3155.7029427165253,5.12815212618298,2084.238231188705,7.277240615600899,2189.756235684268,2.496093246424527,1787.4894407549582,3.9537383270339954,4543.193738126807,5.1561154434810055,3774.027238101582
2.0684169884169887,1.7282511376923428,3154.0245771776245,5.148840058405224,2145.1212782916846,7.298659903603857,2188.9365260816994,2.5135927510814224,1791.1705183146696,3.9982138323852316,4547.317078735563,5.193106771656965,3788.5853089470766
2.0991505791505793,1.7590979822176258,3152.286250324585,5.170122735813481,2205.7659703802783,7.320068497349051,2187.6002991864807,2.5311385929821424,1796.8393951969192,4.042709366531451,4547.3985202151525,5.230241431910106,3803.346286942833
2.12988416988417,1.7899275459191686,3150.4950873660564,5.191997218522902,2266.046934366459,7.341461641255651,2185.80950036156,2.548749012681966,1804.2607542954647,4.087186465335039,4543.6491103655135,5.267521567647434,3818.341839347966
2.1606177606177606,1.8207393452458063,3148.6576177785173,5.214459329855581,2325.837188027508,7.362835196926696,2183.628206415102,2.5664400580118842,1813.2208829906886,4.131608639984649,4536.262635517545,5.304949625053716,3833.601959833759
2.1913513513513516,1.851532957731189,3146.779823192337,5.237503645441824,2385.009152601473,7.384185662483293,2181.1222979777376,2.5842257881090784,1823.5261565760593,4.175941217890735,4525.417649595009,5.342528334380477,3849.1544689507573
2.2220849420849422,1.8823080168584068,3144.8671813176043,5.261123492447228,2443.4357008148218,7.405510188523304,2178.359097610344,2.6021184624187486,1835.001506284112,4.220151203758661,4511.2795413493,5.380260686138564,3865.0244751479477
2.252818532818533,1.9130642073358588,3142.924706255537,5.285310959179253,2500.99121717707,7.426806590374915,2175.4069791079382,2.6201287147505807,1847.4889165525965,4.264207160930945,4494.002589273034,5.418149901841664,3881.2338028125814
2.283552123552124,1.9438012607505928,3140.956985508965,5.310056915059607,2557.552646356926,7.448073356411099,2172.334954349906,2.638265712878666,1860.8459796138632,4.308079112666006,4473.73196563925,5.456199399008113,3897.8003953862935
2.3142857142857145,1.974518951568305,3138.968213977918,5.335351040742934,2613.0005082974094,7.469309652219661,2169.212244955881,2.656537304317628,1874.9445262493682,4.351738462690661,4450.6056598268915,5.494412750226002,3914.7377023329027
2.345019305019305,2.0052170934518263,3136.9622251982655,5.361181867950564,2667.2198552745976,7.490515320536899,2166.1078460147837,2.6749501491324166,1889.6693431179447,4.395157934109916,4424.756296752021,5.532793636160647,3932.0540637099766
2.3757528957528957,2.0358955358723283,3134.942520058976,5.387536828314628,2720.101152522373,7.511690876881724,2163.0900897610118,2.693509840618181,1904.9169809626183,4.438311525538173,4396.312830582145,5.5713457925784695,3949.7521056024707
2.4064864864864868,2.0665541609896754,3132.9122932113823,5.414402310441774,2771.54106486385,7.532837500952388,2160.2262171760667,2.712221014791894,1920.5946561483142,4.481174483147586,4365.402096076956,5.610072951525747,3967.8281614623265
2.4372200772200774,2.0971928807803457,3130.8744573653385,5.441763724148202,2821.443134925561,7.553957023878724,2157.5819638701505,2.731087449580142,1936.6192420866864,4.523723287152197,4332.150201593438,5.648978777030643,3986.271738316864
2.467953667953668,2.1278116343931535,3128.8316656490642,5.469605570793059,2869.718343909597,7.575051911516401,2155.221168176504,2.750112154577364,1952.9163477297407,4.565935651111279,4296.683749701595,5.688066795838005,4005.065044852963
2.4986872586872586,2.1584103857146526,3126.786332271411,5.497911518485329,2916.285546705709,7.5961252440312785,2153.2054067688296,2.769297452203799,1969.419478136464,4.607790532295584,4259.1308721148525,5.7273403238780825,4024.1826002649614
2.5294208494208497,2.18898912112913,3124.7406511449517,5.526664480930453,2961.071782147337,7.617180692064301,2151.5936626556795,2.7886450510397016,1986.0692712664604,4.649268151239714,4219.62206790116,5.766802389348169,4043.5909418054507
2.5601544401544403,2.2195478474483803,3122.6966138015123,5.555846698707573,3004.0124586325837,7.638222489819961,2150.442030027043,2.808156112050688,2002.8128070527455,4.690350018508487,4178.290835514956,5.8064556534594,4063.248447767808
2.590888030888031,2.2500865900222284,3120.656025463337,5.585439821747936,3045.0514201309416,7.6592554054563395,2149.8034584361594,2.827831308403537,2019.6029806630395,4.731018966615407,4135.274092854379,5.846302330054931,4083.105290280131
2.621621621621622,2.280605390982748,3118.6205194254435,5.61542499190361,3084.140901769104,7.6802847091683155,2149.727537642233,2.8476708794290198,2036.3979342611565,4.771259185007704,4090.712382317026,5.886344105433107,4103.103529342858
2.6523552123552125,2.311104307636178,3116.5915710535337,5.645782924556883,3121.2413853803882,7.701316139367933,2150.260324090952,2.867674679319749,2053.1605461113504,4.811056255996834,4044.749862739496,5.926582059805561,4123.177355638065
2.683088803088803,2.341583410981024,3114.570510363963,5.676493988362725,3156.3213673029095,7.722355867372594,2151.444208167901,2.887842221097035,2069.8579674886423,4.85039718958582,3997.5340944163618,5.9670165918710865,4143.253485214256
2.7138223938223938,2.3720427843461094,3112.5585337153607,5.707538282315012,3189.3570516742184,7.743410460988165,2153.3178201970877,2.9081727162481,2086.4612035486207,4.889270455193524,3949.215628162812,6.007647347995992,4163.251704141498
2.744555984555985,2.4024825221374275,3110.5567142890795,5.738895709488118,3220.331984794233,7.764486847357963,2155.915973475843,2.928665110492391,2102.9447360923514,4.927666008441739,3899.9474158872035,6.048473157444476,4183.085556138598
2.7752895752895754,2.432902728681252,3108.5660123066773,5.770546046949212,3249.236642541713,7.7855922754312985,2159.2696408615448,2.949318116037961,2119.286182241485,4.965575311346942,3849.884062927362,6.0894919750128365,4202.663161222648
2.806023166023166,2.4633035171708966,3106.5872841357195,5.8024690114274105,3276.0679863465484,7.806734278354389,2163.4059608515818,2.970130240669556,2135.4659862241533,5.002991344478913,3799.1809491422027,6.130700832277218,4221.888148843427
2.836756756756757,2.4936850086879914,3104.621290382638,5.834644320538402,3300.8289998669643,7.827920636057843,2168.3482701188186,2.9910998139745932,2151.4671409191214,5.039908609956087,3747.9932474698,6.1720957984851665,4240.660685123934
2.8674903474903477,2.524047331307579,3102.6687040282413,5.867051749388399,3323.5282173714368,7.849159338284149,2174.116157410259,3.0122250109830917,2167.274936228525,5.07632312440167,3696.474872205348,6.213671951901974,4258.878570912173
2.8982239382239383,2.554390619278571,3100.730117469313,5.899671182571273,3344.1792556312867,7.8704585482297365,2180.725535141537,3.033503873470407,2182.8767316314334,5.1122324013614096,3644.7773903319903,6.255423362186279,4276.438384340552
2.928957528957529,2.584715012266616,3098.80604927853,5.932482661613696,3362.8003566771513,7.891826566973233,2188.1887246698025,3.054934329147036,2198.2617505341477,5.147635422959224,3593.048928804579,6.297343084091284,4293.236643814016
2.95969111969112,2.615020654666818,3096.896950278402,5.965466428026023,102338.74121558794,7.913271798785958,61375.02933728049,3.0765142089376893,2213.420894270879,5.182532600935321,3541.4331109871855,6.3394231625949455,4309.170963800338
2.9904247104247106,2.645307694965441,3095.003209087823,7.934802717408777,101758.19966370147,9.092666549049634,61852.944317327,3.0982412625319022,2228.3465738236846,5.216925727492563,3490.0680500030285,6.381654649214904,4324.141180563718
3.021158301158301,2.675576285161155,3093.125157570903,7.95642783333592,2215.772536936216,9.123462479709612,3163.6139873124775,3.1201131723706093,2243.0325575283496,5.2508179166388755,3439.085426199832,6.42402762916438,4338.050426937931
3.0518918918918923,2.705826580233352,3091.263075297902,7.978155662120508,2226.7057827226236,9.154564591377959,3194.4939371088985,3.1421275662170247,2257.4738332065754,5.284213536983656,3388.6096694478183,6.46653125869567,4350.806135826686
3.082625482625483,2.736058737650664,3089.417194669455,7.999994693687542,2238.5040420503938,9.185964707139929,3224.5380497543956,3.1642820284457485,2271.6664833236428,5.317118137081329,3338.7572630102513,6.509153811890137,4362.32095964055
3.1133590733590735,2.766272916939541,3087.5877045340603,8.021953362630951,2251.160188371374,9.217654650245267,3253.7470024861977,3.186574110171034,2285.6075719141227,5.349538364607574,3289.6361801758176,6.551882735991086,4372.513595723838
3.144092664092664,2.7964692792635533,3085.7747538317344,8.044040019440454,2264.6641996202525,9.249626257029787,3282.122702288092,3.209001338323519,2299.2950421434944,5.381481880680239,3241.3454590523615,6.594704714343695,4381.309508022154
3.174826254826255,2.8266479870632537,3083.9784556961094,8.066262902622148,2279.0032443832606,9.281871388054537,3309.6681063459255,3.231561223774235,2312.727623405517,5.412957270716149,3193.9749181561056,6.637605735847787,4388.64154317393
3.2055598455598457,2.8568092037157395,3082.1988902284356,8.088630111611293,2294.1617625920335,9.314381937514474,3336.3870494834846,3.25425126859363,2325.9047476316337,5.443973953187346,3147.605007363134,6.680571169951949,4394.450441939582
3.2362934362934364,2.8869530932287946,3080.436107756832,8.111149580471734,2310.121540885477,9.34714984100133,3362.2840804965235,3.2770689725381263,2338.8264722977183,5.47454208756168,3102.3067884519696,6.723585846112745,4398.68524520559
3.2670270270270274,2.9170798199642176,3078.690131513169,8.133829052283184,2326.8617807881674,9.380167081710029,3387.3643079422764,3.300011838802725,2351.493411747535,5.504672482678352,3058.1420347769163,6.766634136732548,4401.303600007028
3.297760617760618,2.947189548384336,3076.9609601451666,8.156676054174593,2344.3591627075803,9.413425695184344,3411.63325599744,3.3230773791638573,2363.9066750112397,5.534376506638659,3015.163437127834,6.809700042606252,4402.271969301684
3.3284942084942086,2.9772824428244915,3075.248570184951,8.179697872963594,2362.5879066555062,9.446917772703097,3435.096730538062,3.346263118515378,2376.0678083206003,5.563665999209328,2973.4149021673365,6.852767279963499,4401.565750708629
3.3592277992277992,3.007358667287849,3073.5529181559396,8.202901531377893,2381.5198297919706,9.480635463405577,3457.760695574165,3.3695665988866885,2387.9787439066276,5.592553187552365,2932.931928267819,6.895819368238551,4399.169310860976
3.3899613899613903,3.0374183852591043,3071.8739426034444,8.226293764820625,2401.1244046495412,9.514570975260114,3479.631160921592,3.392985382976927,2399.6417535036453,5.621050605981862,2893.742044333834,6.938839717784667,4395.07593670924
3.420694980694981,3.0674617595390212,3070.211565966427,8.249880998730932,2421.368816997565,9.548716574991714,3500.714077618846,3.4165170572633636,116732.46040286316,5.649171020279672,71741.59659804933,6.981811716691192,50442.452710904414
3.4514285714285715,3.097488952094768,3068.5656962516077,8.273669326481457,2442.2180263433256,9.58306458700441,3521.015246853116,5.67692735696085,2422.2345307762153,7.024718816053173,2819.3147654398344,7.925777152492486,4381.815312257269
3.4821621621621626,3.1275001239272053,3066.9362286450923,8.297664487922676,2463.634832791635,9.617607391526992,3540.540236873436,3.463909557143626,-111888.23081747434,5.704332637780352,-66101.63418667525,7.067544612917043,-41680.48725202889
3.512895752895753,3.157495434952751,3065.323046951962,8.321871848588527,2485.579948595783,9.652337421909687,3559.294307645061,3.4877656972399285,2443.8695968360407,5.7313999196052405,2750.21313964203,7.110272930252358,4361.902013633109
3.543629343629344,3.187475043898841,3063.726024926844,8.3462963796407,2508.0120784657774,9.687247161295721,3577.2823479575454,3.511725360322055,2454.336194837262,5.7581422397141475,2717.658314452856,7.152887893277623,49710.61468084145
3.5743629343629344,3.217439108211829,3062.145027521503,8.370942638645534,2530.8880097122747,9.722329138687483,3594.508818876755,3.5357862858089617,2464.5735229428683,5.784572566475736,2686.42334380612,8.082891506356093,4335.5814578188
3.6050965250965255,3.2473877839768455,3060.579912002664,8.39581475128202,2554.1627132546273,9.757575924511672,3610.977706468955,3.559946248475978,2474.5852471607795,5.810703755282602,2656.494687012455,7.237716195867706,-41040.965390618134
3.635830115830116,3.277321225847581,3059.0305289971293,8.420916394094998,2577.7894569790224,9.792980125760502,3626.69248285715,3.5842030594697465,2484.3751287678315,5.8365485095715455,2627.855066240707,7.279899920425654,4303.212397626252
3.6665637065637067,3.307239586986589,3057.4967234617798,8.446250778421076,2601.7199322332162,9.828534380794894,3641.656074306811,3.6085545671572787,2493.9470057893195,5.862119346683828,2600.483948847628,7.3219111780002475,4284.89847157232
3.6972972972972973,3.337143019014047,3055.9783355435065,8.471820635616773,2625.9043939628755,9.864231353861225,3655.8708383683115,3.6329986577785274,2503.304775614699,5.88742856832253,2574.3580018031644,7.36373657939531,4265.249137701001
3.7280308880308883,3.367031671964885,3054.4752013953694,8.497628203726281,2650.291814982018,9.900063729447332,3669.3385476386175,3.657533255955314,2512.4523802158656,5.9124882353039085,2549.4515151705127,7.405363385736419,4244.3326709981775
3.758764478764479,3.396905694253512,3052.9871539123415,8.523675215728023,2674.8300538681215,9.93602420648154,3682.060381780262,3.682156325054683,2521.3937922694313,5.937310146300408,2525.7367949178442,7.446779543669249,4222.220569048077
3.7894980694980696,3.426765232645348,3051.514023402997,8.549962889487373,2699.4660362470895,9.972105492532496,3694.036926177796,3.7068658674263006,2530.133002945222,5.961905820277617,2503.1845234074863,7.487973713213341,4198.986798245518
3.8202316602316606,3.4566104322346862,3050.0556381257193,8.576491919550174,2724.145948718593,10.00830029798194,3705.2681784300366,3.73165992452689,2538.674010931136,5.986286482290471,2481.76408827299,7.528935288212112,4174.7070397469215
3.850965250965251,3.4864414364267162,3048.6118253235763,8.603262470889703,2748.8154438378406,10.044601330351536,3715.7535641258582,3.756536576942893,2547.0208126356883,6.010463052354887,2461.4438808608684,7.569654409433212,4149.457947834977
3.881698841698842,3.516258386935635,3047.1824108577275,8.630274174710816,2773.419854992011,10.081001288784316,3725.49195826659,3.7814939443232096,2555.1773934582015,6.034446137083169,2442.191564153938,7.610121970507975,4123.316433532571
3.9124324324324324,3.546061423759502,3045.7672201686655,8.657526126401084,2797.904419169703,10.117492858790664,3734.481716270966,3.8065301852310554,2563.1477200088557,6.058246023797713,2423.9743127272814,7.650329617015248,4096.358987504791
3.9431660231660235,3.575850685197149,3044.366079212312,8.685016885693546,2822.2145054654684,10.15406870733637,3742.720712979324,3.831643496924484,2570.93573322639,6.081872676861311,2406.759025707899,7.690269739173007,4068.661051323579
3.973899613899614,3.605626307841354,3042.978813935857,8.712744479088704,2846.2958471859456,10.190721478351767,3750.2063911198056,3.856832115073587,2578.5453422890278,6.105335735957537,2390.5125145610655,7.729935458620585,4040.2964487661957
4.004633204633205,3.635388426585503,3041.6052511195885,8.740706404558553,2870.094774901867,10.227443788768058,3756.935818035505,3.8820943134218826,2585.9804192554147,6.128644516095208,2375.201667617366,7.76932060998331,4011.3368858043686
4.035366795366795,3.665137174633224,3040.2452185959555,8.768899638528397,2893.558448077936,10.26422822513635,3762.905753332132,3.907428403398657,2593.24479436563,6.1518080091078335,2360.793592658476,7.808419717871699,3981.8515228742617
4.066100386100386,3.6948726835093386,3038.8985455942166,8.797320645112839,2916.6350826194976,10.301067340987556,3768.112726032734,3.9328327336884175,2600.3422519442684,6.174834886447865,2347.255740225257,7.847227970077308,3951.906625146512
4.096833976833977,3.7245950830762404,3037.5650628704752,8.825965387549699,2939.2741717991303,10.337953654960996,3772.553121830453,3.9583056897630753,2607.276526847738,6.19773350309874,2334.5560086251935,7.885741187729249,3921.565290629107
4.127567567567568,3.754304501547392,3036.2446029798884,8.854829341758577,2961.42669814924,10.374879649871446,3776.223282785504,3.9838456933818867,2614.051301406813,6.220511902423661,2322.6628327060025,7.923955793170181,3890.8872559184674
4.158301158301159,3.784001065509023,3034.937000594975,8.883907511920565,2983.045334026974,10.411837772788413,3779.119617306278,4.009451202063817,2620.6702028176223,6.243177821814561,2311.5452578770346,7.961868776312258,3859.9287755314726
4.189034749034749,3.813684899939866,3033.642092627648,8.913194447960981,3004.084628885612,10.448820436254977,3781.2387220531236,4.0351207085364305,2627.1368009375583,6.265738698989146,2301.1730008789455,7.999477660152165,3828.7425704734633
4.21976833976834,3.8433561282352335,3032.3597179646313,8.942684264793185,3024.5011813304736,10.485820020752227,3782.5775159465848,4.060852740165142,2633.4546064511524,6.288201678828864,2291.51649905229,8.03678046612077,3797.3778398939176
4.2505019305019305,3.873014872221575,3031.089718487783,8.972370663167656,3044.253794449556,10.522828878540036,3783.13338603999,4.0866458583662,2639.6270693655824,6.310573620639901,2282.5469488059753,8.073775679826195,3765.880327000341
4.281235521235521,3.9026612522005273,3029.8319386695803,9.002246951954987,3063.303613445023,10.559839338975598,3782.9043448268203,4.112498658006522,2645.6575778078986,6.332861105743839,2274.2363350233063,8.110462217693152,3734.2924328559893
4.311969111969113,3.932295386955546,3028.586225263978,9.032306071687772,3081.6142443904537,10.596843715432005,3781.8891991382698,4.138409766793132,2651.5494571990566,6.355070445313973,2266.5574523364194,8.14683939493248,3702.65336845431
4.342702702702703,3.961917393789918,3027.352428170241,9.062540619167175,3099.1518536682124,10.633834313921374,3780.0877295484534,4.164377844656842,2657.3059690328664,6.377207688382223,2259.483919262828,8.182906895155964,3670.9993365422706
4.373436293436294,3.9915273885502858,3026.130400044145,9.092942872950374,3115.8852482818183,10.67080344352359,3777.5008794059977,4.190401583117802,2662.930311364529,6.399278629952043,2252.99018616596,8.218664741903325,3639.363735521387
4.404169884169884,4.021125485657055,3024.919996560813,9.12350481952848,3131.785936787317,10.707743428707966,3774.13095199503,4.216479704678721,2668.4256180061784,6.421288819161094,2247.051537863328,8.2541132722465,3607.7773776971735
4.434903474903475,4.050711798133065,3023.7210763096227,9.154218180006147,3146.8281707994174,10.744646623619557,3769.981814046274,4.242610962174707,2673.7949578893313,6.443243567445175,2241.6440916343126,8.289253112586808,3576.2687137354515
4.465637065637066,4.080286437631935,3022.533500868856,9.185074437091576,3160.988969185506,10.781505428382607,3765.0591035073157,4.26879413815399,2679.04133613006,6.465147956661901,2236.744791317964,8.324085156650861,3544.864058290841
4.496370656370656,4.109849514468202,3021.357134982245,9.216064862249521,3174.2481241125497,10.818312307452087,3759.3704382965807,4.29502804424861,2684.1676936522126,6.487006847139192,2232.3313980706735,8.358610545702293,3513.5878119999543
4.527104247104248,4.139401137649109,3020.191846362897,9.247180542809561,3186.5881921031396,10.855059810001462,3752.9256232680054,4.321311520547772,2689.1769074967306,6.508824885618082,2228.382478207932,8.392830650881088,3482.4626731307944
4.557837837837838,4.168941414900922,3019.037505536631,9.278412408944147,3197.994469049154,10.891740592323668,3745.736851419322,4.347643434974579,2694.071791612252,6.530606513063347,2224.87738920009,8.426747057556376,3451.5098370019696
4.588571428571429,4.198470452697641,3017.89398660991,9.309751260287994,3208.454951392894,10.928347442155623,3737.8188949701143,4.374022682674861,2698.8550971410295,6.552355972332306,2221.7962629828253,8.460361551567509,3420.7491806598264
4.61930501930502,4.227988356302347,3016.761166462209,9.341187792156603,3217.9602871668176,10.964873304817775,3729.1892817118205,4.4004481853995046,2703.5295129181177,6.574077315658909,2219.1199883641093,8.493676107190185,3390.1994294474134
4.65003861003861,4.257495229780116,3015.6389247588813,9.372712621207732,86706.56731355289,11.001311310989008,3724.6989293017346,4.426918890903045,2708.097666468413,6.595774411978314,2216.830192273308,8.52669287663655,3359.8783060563146
4.680772200772201,4.286991176039605,3014.527144582302,11.037654805907858,86947.69163274847,nan,nan,4.453433772345495,2712.5621246375667,6.617450954044104,2214.909219470981,8.559414180937596,3329.8026598536526
4.711505791505791,4.316476296858322,3013.4257117678935,11.073897379720455,3699.2502178644063,nan,nan,4.479991827703294,2716.9253942737123,6.639110465355885,2213.3401122699725,8.59184250197364,3299.9885772184352
4.742239382239383,4.345950692911233,3012.334515151393,11.110032898648226,3688.009278151323,nan,nan,4.506592079184476,2721.189923303522,6.660756306879722,2212.1065892709303,8.623980475515518,3270.4514741564635
4.7729729729729735,4.375414463800841,3011.253446418006,11.14605553660109,3676.1901369105326,nan,nan,4.53323357266066,2725.358102035243,6.682391683559681,2211.1930241454393,8.655830885067125,3241.206169618061
4.803706563706564,4.404867708082868,3010.182400201913,11.181959806802645,3663.82907145645,nan,nan,4.559915377107724,2729.432262918068,6.7040196506231595,2210.584424252331,8.68739665634113,3212.266943799681
4.834440154440155,4.434310523298276,3009.121273966477,11.21774059295065,3650.9654954965226,nan,nan,4.586636584033079,2733.4146825133357,6.725643119674029,2210.2664090291364,8.718680852242198,3183.647579982353
4.865173745173745,4.463743005996588,3008.0699676850054,11.253393179421995,3637.6418322694954,nan,nan,4.613396306954919,2737.3075823271356,6.747264864575186,2210.225188781391,8.749686668161317,3155.361392744002
4.895907335907336,4.4931652517616865,3007.0283846207603,11.288913279951055,3623.9033322173636,nan,nan,4.640193680845786,2741.113129860605,6.768887527126703,2210.44754365267,8.780417427511024,3127.421244667785
4.926640926640927,4.5225773552503785,3005.9964301197033,11.32429706426728,3609.797834828729,nan,nan,4.66702786163235,2744.8334395882266,6.790513622536891,2210.920802673616,8.810876577346601,3099.839551344805
4.957374517374517,4.551979410194588,3004.9740120809292,11.359541182113903,3595.3754742484307,nan,nan,4.693898025658144,2748.4705737323966,6.812145544690572,2211.6328234394896,8.841067683999219,3072.6282785301446
4.988108108108109,4.581371509449105,3003.9610416439536,11.394642784125567,3580.688331927522,nan,nan,4.720803369198481,2752.0265433363093,6.83378557122247,2212.571972155478,8.870994428641483,3045.798930888879
5.018841698841699,4.610753745007246,3002.9574315349455,11.429599539050953,3565.7900393815944,nan,nan,4.747743107944181,2755.5033098428685,6.855435868395103,2213.727103953366,8.900660602700368,3019.362536110042
5.04957528957529,4.640126208016235,3001.963097551459,11.464409646858106,3550.735337683931,nan,nan,4.774716476547389,2758.902786147257,6.877098495787033,2215.0875439415686,8.930070103111953,2993.3296240656637
5.0803088803088805,4.669488988821918,3000.977957836789,11.499071847338264,3535.579600403318,nan,nan,4.801722728125891,2762.2268366235076,6.898775410799995,2216.643068731937,8.9592269273266,2967.7102027761866
5.111042471042471,4.698842176969941,3000.001932274172,11.533585423877232,3520.378328049439,nan,nan,4.828761133809446,2765.477279704559,6.920468472985709,2218.383888331242,8.988135168093438,2942.513733792992
5.141776061776062,4.728185861238613,2999.034943454986,11.567950202167651,3505.1866247730795,nan,nan,4.855830982294594,2768.6558871910092,6.942179448198707,2220.300628797151,9.016799007983861,2917.7491060421453
5.172509652509652,4.75752012965904,2998.076915794227,11.602166543741726,3490.0586668765172,nan,nan,4.882931579377456,2771.764386840805,6.963910012583793,2222.3843154205824,9.045222713664268,2893.4246101925964
5.203243243243244,4.786845069530661,2997.1277760505327,11.6362353342846,3475.0471751391888,nan,nan,4.910062247559217,2774.8044631633966,6.985661756399829,2224.626356324414,9.073410629918072,2869.5479153147317
5.233976833976834,4.81616076745157,2996.1874529961497,11.670157966842751,3460.202900787932,nan,nan,4.9372223255944485,2777.77775718848,7.007436187686291,2227.0185267932247,9.101367173461714,2846.1260461034253
5.264710424710425,4.8454673093275895,2995.2558770801697,11.703936320080121,3445.5741364499554,nan,nan,4.964411168092088,2780.6858688932552,7.0292347357804505,2229.552954117069,9.129096826521064,2823.1653642064775
5.295444015444016,4.874764780396008,2994.3329808384588,11.73757273191797,3431.206262708758,nan,nan,4.9916281451112425,2783.530357548909,7.051058754687396,2232.2221029470675,9.156604130282087,2800.671552049287
5.326177606177606,4.9040532652426725,2993.418698561669,11.771069968919111,3417.141338119516,nan,nan,5.018872641768937,2786.312742815935,7.0729095263106965,2235.01876124891,9.183893678150783,2778.6495992036653
5.356911196911197,4.933332847819231,2992.5129662744002,11.804431191906152,3403.4177409466356,nan,nan,5.046144057857374,2789.0345057592785,7.094788263547581,2237.9360267287702,9.21097010893715,2757.103794378112
5.3876447876447875,4.962603611459803,2991.615721670416,11.837659918336117,3390.069868222461,nan,nan,5.073441807471513,2791.6970895804698,7.116696113254007,2240.967293881229,9.23783809995838,2736.0377197563066
5.418378378378379,4.991865638896988,2990.7269040464016,11.870759982030597,3377.12789679633,nan,nan,5.100765318640681,2794.301901004219,7.138634159086464,2244.106241488189,9.26450236011209,2715.4542500820244
5.44911196911197,5.021119012277203,2989.8464542327856,11.90373549087512,3364.6176086657215,nan,nan,5.1281140329832615,2796.8503105595883,7.160603424222401,2247.3468205963727,9.290967622961592,2695.3555546785938
5.47984555984556,5.050363813175355,2988.9743145285174,11.936590783131818,3358.473329065914,nan,nan,5.155487405343826,2799.3436541599513,7.182604873966842,2250.6832430332433,9.31723863984864,2675.743104498775
5.510579150579151,5.079600122608911,2988.110428635613,nan,nan,nan,nan,5.18288490347872,2801.7832337724394,7.204639418248104,2254.1099703497603,9.343320173116638,2656.6176823249552
5.541312741312741,5.10882802105127,2987.2547415928566,nan,nan,nan,nan,5.210306007706295,2804.1703176482697,7.2267079140080615,2257.6217032471905,9.369216989422954,2637.9793953652843
5.572046332046332,5.13804758844455,2986.4071997134597,nan,nan,nan,nan,5.237750210597013,2806.506142133032,7.248811167491015,2261.2133714352967,9.39493385320859,2619.8276926042745
5.602779922779923,5.167258904211735,2985.5677505601197,nan,nan,nan,nan,5.265217016659073,2808.791911960696,7.270949936435512,2264.880123888899,9.42047552034995,2602.161384301842
5.633513513513514,5.1964620472689775,2984.736342690303,nan,nan,nan,nan,5.292705942034301,2811.0288011793164,7.293124932172574,2268.617319565674,9.445846732010049,2584.9786640029633
5.664247104247105,5.225657096032753,2983.912925944256,nan,nan,nan,nan,5.3202165142018645,2813.2179538275814,7.31533682163592,2272.420518488565,9.471052208720897,2568.277132832387
5.694980694980695,5.254844128437807,2983.0974511905806,nan,nan,nan,nan,5.347748271687403,2815.3604852292337,7.337586229285702,2276.28547317232,9.496096644710038,2552.05382603663
5.725714285714286,5.2840232219393375,2982.289870075125,nan,nan,nan,nan,5.375300763792078,2817.45748206001,7.359873738951,2280.2081204977585,9.520984702502277,2536.305241219059
5.756447876447877,5.313194453526001,2981.490135312197,nan,nan,nan,nan,5.402873550303,2819.510002968076,7.38219989559455,2284.1845738528064,9.545721007798626,2521.0273671513423
5.787181467181467,5.342357899727825,2980.698200430721,nan,nan,nan,nan,5.430466201234434,2821.519080673461,7.404565207001484,2288.211115644779,9.570310144641745,2506.2157146037207
5.817915057915058,5.371513636624238,2979.9140197760426,nan,nan,nan,nan,5.458078296579286,2823.485721037723,7.426970145397573,2292.2841901655775,9.594756650898127,2491.8653472613078
5.848648648648649,5.400661739851999,2979.1375484357704,nan,nan,nan,nan,5.485709426032119,2825.4109042500495,7.449415148998344,2296.4003967107856,9.619065014028415,2477.9709130785777
5.87938223938224,5.4298022846117995,2978.3687421874492,nan,nan,nan,nan,5.513359188763844,2827.29558670189,7.471900623492702,2300.556483037595,9.643239667183055,2464.526676372625
5.9101158301158305,5.458935345675156,2977.6075574685237,nan,nan,nan,nan,5.5410271931813995,2829.1406998423045,7.494426943464055,2304.749339069589,9.667284985600544,2451.526549160946
5.940849420849421,5.488060997390437,2976.853951312194,nan,nan,nan,nan,5.568713056680068,2830.9471513919416,7.516994453750765,2308.975990918989,9.69120528331623,2438.964122652251
5.971583011583012,5.517179313688488,2976.1078813044005,nan,nan,nan,nan,5.596416405426907,2832.715826784668,7.539603470750307,2313.233595122525,9.71500481017669,2426.832698176033
6.002316602316602,5.546290368087815,2975.369305535918,nan,nan,nan,nan,5.624136874141242,2834.447588947718,7.562254283666939,2317.519433133304,9.738687749153682,2415.1253174530575
6.033050193050193,5.575394233699291,2974.638182560331,nan,nan,nan,nan,5.651874105873839,2836.1432793914573,7.584947155708112,2321.8309061085456,9.762258213950803,2403.8347920795786
6.0637837837837845,5.604490983230493,2973.9144713496207,nan,nan,nan,nan,5.679627751808684,2837.8037181360414,7.607682325230129,2326.1655298697297,9.785720246894293,2392.953732204158
6.094517374517375,5.633580688989556,2973.1981312527205,nan,nan,nan,nan,5.707397471040737,2839.4297045643907,7.630460006835969,2330.5209300511633,9.809077817100782,2382.4745738628553
6.125250965250966,5.662663422888693,2972.4891219561687,nan,nan,nan,nan,5.735182930394403,2841.0220185128273,7.6532803924260255,2334.8948375246837,9.832334818902932,2372.3896055658697
6.155984555984556,5.691739256447284,2971.787403445109,nan,nan,nan,nan,5.762983804222615,2842.581420419505,7.676143652206389,2339.2850839194725,9.855495070537362,2362.6909936357406
6.186718146718147,5.720808260794625,2971.0929359674337,nan,nan,nan,nan,5.7907997742282165,2844.1086513548507,7.699049935651957,2343.6895979103283,9.87856231306604,2353.370806013001
6.2174517374517375,5.749870506672323,2970.405680011667,nan,nan,nan,nan,5.818630529263639,2845.604433853994,7.721999372442075,2348.106400207791,9.90154020952999,2344.421035119798
6.248185328185328,5.778926064436606,2969.725596231525,nan,nan,nan,nan,5.846475765168561,2847.069473442156,7.74499207332563,2352.5336002503755,9.92443234431803,2335.8336192928837
6.27891891891892,5.80797500405925,2969.0526454222854,nan,nan,nan,nan,5.874335184599453,2848.5044573359773,7.7680281309919765,2356.9693930817884,9.947242222739808,2327.600462833827
6.30965250965251,5.837017395129416,2968.386788543605,nan,nan,nan,nan,5.902208496841803,2849.9100555944606,7.79110762087493,2361.412054815446,9.969973270786845,2319.7134549802868
6.340386100386101,5.866053306855034,2967.7279866693425,nan,nan,nan,nan,5.930095417662197,2851.2869228096097,7.8142306019349475,2365.8599399098894,9.992628835076772,2312.164487292466
6.3711196911196915,5.895082808063647,2967.0762009471655,nan,nan,nan,nan,5.957995669153617,2852.6356966563617,7.83739711740982,2370.3114772758563,10.015212182954524,2304.945469859522
6.401853281853282,5.924105967203019,2966.431392557337,nan,nan,nan,nan,5.985908979559145,2853.9569988663425,7.860607195520679,2374.7651681497227,10.037726502753682,2298.0483465226134
6.432586872586873,5.95312285234116,2965.793522656546,nan,nan,nan,nan,6.013835083136328,2855.251437048835,7.883860850181097,2379.2195825967938,10.060174904195504,2291.465108478442
6.463320463320463,5.982133531165842,2965.1625524139963,nan,nan,nan,nan,6.041773720016494,2856.5196031199303,7.90715808163465,2383.6733561252477,10.08256041891643,2285.1878069039085
6.494054054054055,6.0111380709853295,2964.538443003723,nan,nan,nan,nan,6.069724636038391,2857.7620743297157,7.930498877097801,2388.125187962083,10.10488600111415,2279.2085644415347
6.524787644787645,6.040136538727732,2963.92115553614,nan,nan,nan,nan,6.097687582627591,2858.979414969217,7.953883211363699,2392.5738378526294,10.127154528299773,2273.5195856622886
6.555521235521236,6.069129000940422,2963.3106510530342,nan,nan,nan,nan,6.125662316663547,2860.172174698557,7.977311047382469,2397.0181237107026,10.149368802148652,2268.11316629831
6.586254826254827,6.098115523789266,2962.706890509464,nan,nan,nan,nan,6.153648600326271,2861.340889840678,8.000782336819029,2401.4569192579365,10.171531549433194,2262.981701624056
6.616988416988417,6.127096173057698,2962.109834756935,nan,nan,nan,nan,6.181646200988695,2862.4860845810035,8.024297020587166,2405.889151669806,10.19364542303764,2258.117693906708
6.647722007722008,6.156071014145624,2961.519444527861,nan,nan,nan,nan,6.209654891086843,2863.608269603632,8.047855029361338,2410.3137993272976,10.21571300303668,2253.513758961868
6.678455598455598,6.185040112068178,2960.935680420429,nan,nan,nan,nan,6.237674447985491,2864.7079439032823,8.07145628406673,2414.729890194605,10.237736797838453,2249.1626318823546
6.70918918918919,6.214003531454348,2960.3585028844536,nan,nan,nan,nan,6.2657046538838035,2865.7855942212045,8.095100696359324,2419.1364989329595,10.259719245375301,2245.0571718589053
6.7399227799227805,6.242961336545449,2959.787872210436,nan,nan,nan,nan,6.293745295669944,2866.8416953510023,8.118788169059483,2423.532745459932,10.28166271434108,2241.1903664581478
6.770656370656371,6.271913591193517,2959.2237485173973,nan,nan,nan,nan,6.321796164832704,2867.8767116027884,8.142518596603843,2427.9177935640328,10.30356950546557,2237.55533513939
6.801389961389962,6.30086035885958,2958.6660917431,nan,nan,nan,nan,6.349857057344763,2868.891095434141,8.166291865451782,2432.290848284436,10.325441852820637,2234.1453321598237
6.832123552123552,6.329801702611834,2958.1148616677383,nan,nan,nan,nan,6.377927773547516,2869.885289065307,8.19010785448603,2436.6511546843103,10.34728192515149,2230.953748764121
6.862857142857143,6.358737685124375,2957.570017773949,nan,nan,nan,nan,6.406008118065955,2870.8597238582443,8.213966435395166,2440.9979961282806,10.369091827225649,2227.9741150687914
6.893590733590734,6.387668368672654,2957.0315194057766,nan,nan,nan,nan,6.434097899681334,2871.8148213397944,8.237867473040524,2445.330692721298,10.390873601201099,2225.200101343333
6.924324324324325,6.416593815135309,2956.4993257634924,nan,nan,nan,nan,6.462196931266077,2872.75099286536,8.261810825808105,2449.6485998079297,10.412629228000307,2222.6255187639035
6.955057915057916,6.445514085989522,2955.9733957333956,nan,nan,nan,nan,6.49030502964986,2873.6686399048194,8.28579634594617,2453.9511065388215,10.434360628693138,2220.244319769088
6.985791505791506,6.474429242309513,2955.4536880144733,nan,nan,nan,nan,6.518422015560103,2874.5681552815367,8.309823879889082,2458.2376344904187,10.456069665877823,2218.0505981342867
7.016525096525097,6.503339344764385,2954.940161142382,nan,nan,nan,nan,6.546547713512317,2875.449921870779,8.333893268567895,2462.5076363455155,10.477758145065328,2216.038588744588
7.0472586872586875,6.532244453617081,2954.432773189619,nan,nan,nan,nan,6.574681951725111,2876.3143140135217,8.358004347708361,2466.7605946235126,10.499427816055885,2214.202666768222
7.077992277992278,6.561144628716371,2953.931482296146,nan,nan,nan,nan,6.602824562038205,2877.161697157426,8.382156948116725,2470.996020464634,10.521080374307187,2212.5373468465405
7.108725868725869,6.59003992950618,2953.436246384983,nan,nan,nan,nan,6.630975379820417,2877.9924284262233,8.406350895953894,2475.2134524678695,10.542717462295071,2211.037281986326
7.139459459459459,6.618930415012011,2952.9470228590653,nan,nan,nan,nan,6.659134243898807,2878.8068565438734,8.43058601299851,2479.412455559708,10.564340670860036,2209.6972620468587
7.170193050193051,6.647816143844359,2952.4637691258104,nan,nan,nan,nan,6.687300996465197,2879.6053223038325,8.454862116899019,2483.5926199406385,10.585951540538337,2208.5122122183675
7.2009266409266415,6.676697174195373,2951.9864423581166,nan,nan,nan,nan,6.715475483014469,2880.388158568472,8.479179021416074,2487.753560056968,10.607551562878704,2207.477191323298
7.231660231660232,6.705573563837605,2951.5149993579835,nan,nan,nan,nan,6.7436575522511095,2881.155690621177,8.503536536654524,2491.8949134624563,10.629142181740235,2206.587389888591
7.262393822393823,6.734445370118017,2951.049396805174,nan,nan,nan,nan,6.771847056034368,2881.9082362690824,8.527934469283553,2496.016340166738,10.650724794571394,2205.8381276231958
7.293127413127413,6.76331264996157,2950.589591269614,nan,nan,nan,nan,6.800043849286817,2882.646106065775,8.552372622755875,2500.1175215617404,10.672300753658496,2205.2248523172457
7.323861003861004,6.792175459865493,2950.1355389690725,nan,nan,nan,nan,6.828247789943886,2883.369603521598,8.57685079750692,2504.1981593672535,10.693871367383258,2204.74313688057
7.3545945945945945,6.821033855898116,2949.6871959593846,nan,nan,nan,nan,6.856458738866502,2884.079025199637,8.601368791153366,2508.257975077664,10.715437901413255,2204.3886765541974
7.385328185328186,6.8498878936968755,2949.244518086547,nan,nan,nan,nan,6.8846765597925375,2884.774661029747,8.625926398681512,2512.2967089229496,10.737001579904963,2204.157287584734
7.416061776061777,6.878737628466203,2948.8074610190233,nan,nan,nan,nan,6.91290111925558,2885.4567942852736,8.650523412625477,2516.3141196417273,10.758563586668272,2204.044904012815
7.446795366795367,6.907583114976159,2948.375980253564,nan,nan,nan,nan,6.9411322865359075,2886.1257019882905,8.675159623251128,2520.3099827344995,10.780125066306661,2204.0475754395593
7.477528957528958,6.936424407560444,2947.9500310885487,nan,nan,nan,nan,6.969369933587221,2886.781654793129,8.699834818700124,2524.2840903103934,10.801687125338074,2204.161464589997
7.5082625482625485,6.965261560114502,2947.529568696744,nan,nan,nan,nan,6.997613934985314,2887.424917436205,8.72454878517081,2528.2362509777304,10.823250833287345,2204.3828442075755
7.538996138996139,6.994094626094961,2947.1145478966064,nan,nan,nan,nan,7.0258641678636184,2888.0557487200713,8.749301307060152,2532.166288167762,10.84481722374635,2204.7080954732373
7.56972972972973,7.022923658513266,2946.7049234867445,nan,nan,nan,nan,7.054120511861558,2888.6744013327407,8.774092167111826,2536.074040041247,10.866387295435539,2205.1337048270507
7.600463320463321,7.0517487099416485,2946.300650308258,nan,nan,nan,nan,7.0823828490565575,2889.281122970162,8.798921146556308,2539.959358779539,10.887962013201829,2205.656261018943
7.631196911196912,7.080569832507988,2945.901682610216,nan,nan,nan,nan,7.110651063934368,2889.8761553529766,8.823788025245115,2543.822109940811,10.909542309022473,2206.272453489597
7.661930501930502,7.109387077889373,2945.5079748880235,nan,nan,nan,nan,7.138925043301819,2890.4597348365933,8.848692581778277,2547.6621722492273,10.931129082971273,2206.9790691812523
7.692664092664093,7.1382004973233615,2945.119481548143,nan,nan,nan,nan,7.167204676269107,2891.032093370217,8.873634593634486,2551.4794363734545,10.952723204160048,2207.7729902538704
7.723397683397684,7.167010141594976,2944.7361566330073,nan,nan,nan,nan,7.195489854181287,2891.593456579023,8.898613837274642,2555.2738048018655,10.97432551166015,2208.6511916056043
7.754131274131274,7.1958160610425805,2944.357954069448,nan,nan,nan,nan,7.223780470563049,2892.144045783556,8.923630088269547,2559.045191715006,10.995936815395417,2209.61073833087
7.784864864864865,7.224618305549752,2943.984827775799,nan,nan,nan,nan,7.252076421089722,2892.6840776000754,8.948683121401,2562.7935218429193,11.017557897013996,2210.648783401004
7.815598455598456,7.2534169245532425,2943.6167317593354,nan,nan,nan,nan,7.280377603524223,2893.2137636686093,8.973772710767099,2566.5187303544953,11.039189510735868,2211.7625651869457
7.846332046332047,7.282211967036749,2943.2536197304144,nan,nan,nan,nan,7.30868391768275,2893.733310868789,8.998898629881184,2570.220762266603,11.060832384176207,2212.949405150721
7.877065637065638,7.311003481531336,2942.8954453886836,nan,nan,nan,nan,7.336995265375945,2894.2429218647885,9.024060651765572,2573.8995722258696,11.082487219147763,2214.206705583376
7.907799227799228,7.339791516114808,2942.5421624318697,nan,nan,nan,nan,7.365311550385253,2894.742795393977,9.049258549046236,2577.5551239618217,11.104154692439954,2215.5319472543197
7.938532818532819,7.368576118412301,2942.193724600773,nan,nan,nan,nan,7.393632678409739,2895.2331248160335,9.074492094035845,2581.1873898960184,11.125835456575242,2216.922687238315
7.969266409266409,7.397357335596526,2941.850085277518,nan,nan,nan,nan,7.421958557014044,2895.7140998714603,9.099761058820775,2584.7963504008367,11.147530140545703,2218.37655675679
8.0,7.42613521438051,2941.679459369027,nan,nan,nan,nan,7.450289095609623,2895.9522724051967,9.125065215329668,2586.595002280192,11.169239350527212,2219.1189823648265
